binAges,band1_med,band1_lo,band1_hi,band2_med,band2_lo,band2_hi,band3_med,band3_lo,band3_hi,band4_med,band4_lo,band4_hi,band5_med,band5_lo,band5_hi,band6_med,band6_lo,band6_hi
0.0,0.247929458681066,-0.9445545889704611,2.1119816193526404,-0.01051357843747165,-1.226353161875264,1.05506398952772,0.05475298869571505,-0.8477403360611594,0.9749636482049748,0.18831784270080398,-0.6365132663327293,1.3362670167100925,0.2460993800564975,-0.1446863597343803,1.1690790970138953,0.1254490859579525,-0.4891465026576544,1.014941575785107
100.0,0.0,-1.3172541715457846,1.4058273963225447,0.0,-0.9929905795542576,1.0364584634182676,0.0,-0.6585964111819758,0.7075117939763063,-3.449118161219511e-18,-0.8450005017430595,0.8121601430935744,0.0,-0.4399761957170231,0.4746371189198382,0.0,-0.900947545304307,0.6204893464324116
200.0,-0.3506215545717019,-2.3432009002692564,0.7210932459562702,0.0960460802835023,-0.7557159150270726,1.2084841021382213,0.05553091945484445,-0.5940344455152392,0.6957916224203171,0.06811056095494135,-0.678380949716807,0.9651572278716004,0.00960645987476555,-0.4026149510413832,0.45455590541182717,0.15451235083117848,-0.5655442108434372,0.7871146999601608
300.0,-0.1538210910771085,-1.7882831372639014,1.0642223609991148,0.0750286678383183,-0.8397358900960767,1.1795306642867145,0.036826066555403006,-0.651606906077034,0.5362990484058133,-0.051493176353068354,-0.8891390404348145,0.6867220055152727,0.0012926118905588501,-0.41116049059645293,0.43422922463918556,0.14412795123946498,-0.6091638004107237,0.8384851069167846
400.0,-0.103139826352482,-1.7281994434074983,1.1168190159606572,0.17231699349363921,-0.730312920159457,1.4403432886328704,0.023749817073849898,-0.5564889943786516,0.5251351766280624,-0.1506231999548635,-0.9607068195913087,0.4234923079917686,0.06693671078868224,-0.3137102926117634,0.5741912075933705,0.201313623364743,-0.5713410403278842,0.873702950638347
500.0,-0.01824969204101845,-1.3877694824540467,1.239639430983829,0.19546648391708,-0.6907568416894538,1.3905421256563815,0.0645751188759708,-0.4525941099698758,0.5759837832404443,-0.17419367701154448,-1.0269427298643743,0.3904848728315865,0.07914143602542051,-0.29480356975798094,0.5192984861859135,0.2404923967437378,-0.4327077776211797,0.9741562218284453
600.0,0.10023807825922951,-1.1169372905444523,1.603005460129328,0.1483585967349545,-0.7300981172813679,1.3823556035684923,0.1517638535383155,-0.39409361747654065,0.6880251067335523,-0.1242697684450465,-0.9466265416052094,0.3939835197817389,0.1594634552349101,-0.19634315755509704,0.6652623044485504,0.1991228099814055,-0.463030737245986,0.9720075444204547
700.0,0.04222969094488885,-1.3386535877482475,1.594729666021278,0.15144620467457148,-0.659624641716691,1.23635283654602,0.1772926851253535,-0.3141247895876744,0.7221798772046134,-0.154163973703147,-0.9862765602181707,0.4003306925530442,0.10271519595673376,-0.28607997663235407,0.5451556321099343,0.2336107489964075,-0.399256306186336,1.1451218331234332
800.0,0.04982917505119855,-1.4568391494283148,1.622290171919715,0.1655543479705141,-0.5822975168176575,1.3151700452732489,0.1658073836851405,-0.24328368691119448,0.7319028845986653,-0.1005284104589596,-0.955399145337584,0.48423061725222416,0.0998420465234713,-0.3205852818703209,0.5465418425163261,0.266857696456114,-0.34134475348039195,1.2238602270800947
900.0,0.048604104655875405,-1.297881494504784,1.4788731271025597,0.0960056629808694,-0.739447869114573,1.2957828399870355,0.1442187310926,-0.2965976319669153,0.691956600413592,-0.1465047248044094,-0.9644956369985591,0.38268568791871316,0.176779129945976,-0.1985503278323266,0.6966077690185395,0.3115698410772285,-0.24690886406280907,1.3235713644877931
1000.0,0.186312111169252,-0.7732441552440654,1.7877822159193915,0.0314799495802058,-0.8775453410944442,0.9415354543191489,0.151648724860349,-0.24128626530654818,0.7043377521986153,-0.148227021952195,-0.9936471591300824,0.3708202475211961,0.2137819767172505,-0.13638360683146422,0.75622963627658,0.3743403159035535,-0.19419837962662984,1.493079522047591
1100.0,0.335700255939687,-0.697303385990061,1.7113838883294037,0.0189827657160969,-0.8710165400132388,0.9080526215211453,0.21079087585637651,-0.19961782339720308,0.7659511010196054,-0.13845818159561052,-0.9288574524533867,0.41817948766698276,0.22114347076221,-0.11810839854114749,0.7806420983862974,0.3256540216677475,-0.2601249305710119,1.3113942370657445
1200.0,0.5506351622720094,-0.3325897192288447,2.104763600946539,0.111321292998175,-0.6458723674595194,1.0855271611535342,0.29652658917296176,-0.12367824328281923,0.8779512797399663,-0.180405058582277,-1.019537966659273,0.3437335377030138,0.2951814494493335,-0.03964907400080841,1.0079287633725136,0.3521272875664355,-0.24038192757042284,1.4388106207389444
1300.0,0.694235875212034,-0.2919652219392091,2.1902433209467573,0.2075816440523476,-0.4636094349203669,1.3487310638132124,0.3099902937328225,-0.1064789967673168,0.915754912318546,-0.21223367198367799,-1.077696697192521,0.29531185424016965,0.26774671909551134,-0.04967979300214482,0.9443240299080344,0.325697288607828,-0.24715085428661,1.3578542619576834
1400.0,0.6587744375569935,-0.30354398121896337,2.20945404384692,0.221979368675011,-0.46149718278046137,1.4108516713341983,0.2400045893723255,-0.15551034209826786,0.7756694596408861,-0.232153682589992,-1.1126756582165926,0.22143734491535472,0.207481266078015,-0.1370763953304871,0.7908556566754529,0.3252881518659245,-0.21227846154411026,1.3783825670220207
1500.0,0.272877382191799,-0.8421085117882716,1.7395277111553158,0.1402144882265385,-0.5672796672790242,1.1182493397344395,0.2087115770101032,-0.19679784732634148,0.7610425130599776,-0.257730710924718,-1.047478545735848,0.20239195220444486,0.21812108757411885,-0.0994130393037063,0.8199779926828341,0.3714904746789335,-0.15934249957216434,1.5213456419616656
1600.0,0.259551555659084,-1.0411237889939746,1.8098570679428916,0.1388251455577365,-0.5640587208777301,1.181318141947831,0.1168409893037025,-0.3670043447381821,0.6473515404964495,-0.22113488209770998,-1.0611831611254794,0.24660761006176407,0.243506662577146,-0.06763408031457004,0.8657438442658965,0.4473135934098895,-0.07088124035460655,1.5630208065381814
1700.0,0.5102832920573139,-0.5793209023420443,2.096417841980744,0.123205780566261,-0.550113306112716,1.129543428558449,0.1109158460972319,-0.33803701161820165,0.6095944754509277,-0.1926861685446671,-0.9829084754853398,0.29761176511207327,0.20887136932447045,-0.1465269067773115,0.7669739946305982,0.42487499507788273,-0.0673055218940488,1.5365200966591703
1800.0,0.4451390816069855,-0.7239696755165007,2.0207709999304404,0.1903519591224706,-0.43620334054759635,1.347081525409319,0.129755602539945,-0.31419851007384386,0.619408730834902,-0.12342014388413584,-0.799661435547704,0.3731144155385197,0.229339066632299,-0.11720304987403384,0.8443654477153378,0.4871501415825655,-0.003304559662347846,1.7625295037045097
1900.0,0.21198900081772304,-0.8277153770772488,1.7356104428598869,0.1830483167632097,-0.3816114176721357,1.2284181425257241,0.124774704562975,-0.34490710218115644,0.6143844750452242,-0.07427384146467635,-0.7343486502876562,0.5129343393367483,0.2023730097596915,-0.12413920006932365,0.8027445945827253,0.5410854211654921,0.042677607676315406,1.9287456628198383
2000.0,0.12526003647757805,-1.142255336605676,1.6720506832403252,0.13974233332499664,-0.45496786984080867,1.1615526968840468,0.09202639797608915,-0.3663160052913818,0.5679759510202598,-0.035723017280623,-0.6255638798873681,0.5525730283618014,0.19467986934339898,-0.14282383337079155,0.756754145397109,0.5233283824817749,0.03695075332741632,1.865863913768567
2100.0,0.3441396020461215,-0.6776974208825658,1.945823545149111,0.1416306018043748,-0.4562264963339677,1.203239055930662,0.1364446500439845,-0.2930717451843115,0.6223779669117429,-0.0793269689744369,-0.7349283895210872,0.5321296662468347,0.216973904666347,-0.129784934135395,0.8568142420812441,0.5421770395470009,0.0038715152427066645,1.9639380662238441
2200.0,0.40672983978724586,-0.7022005595478628,1.9690449369614214,0.20116801035870352,-0.4120392084357291,1.2328819003618687,0.13207656520261302,-0.29816945431966263,0.6563257820248293,-0.037670166091561805,-0.6842212312560655,0.58342258759705,0.23436606772844248,-0.09783419970430327,0.8954980647977581,0.53212013031578,-0.03270134142803999,1.925488879838152
2300.0,0.4334371113867267,-0.6149866137156397,2.0741573628099306,0.2352750190293725,-0.3512430766945227,1.3561123538316542,0.12713034700306902,-0.33555513452892555,0.6238908255426178,-0.02097094808760005,-0.6072326903175047,0.6284879693081118,0.2830282457895275,-0.019854821713129772,0.9847390661469291,0.5199139962220642,-0.00031778045122854366,1.8315860300236735
2400.0,0.280348070671511,-0.6865829243927711,1.8809816388434417,0.21557713175497178,-0.33913594126811236,1.204235017827231,0.125827096881453,-0.3287011887124008,0.6375078921390821,0.0244701042191467,-0.4978667349467649,0.7073645835295217,0.285876576399658,-0.025640352187758904,0.9965453413574079,0.4711401909145245,-0.05794001834760673,1.7242915500297569
2500.0,0.31758616163106623,-0.6677084724453032,1.9551646710838126,0.20203354188967598,-0.43964990014388855,1.1942499970140228,0.16056765463261202,-0.3099459054115672,0.6864826171737352,0.06236925553046735,-0.44179996820731815,0.7795843531113286,0.27363811723603854,-0.051444980272852575,0.9812630221476958,0.49269604951195434,-0.010919472933627493,1.7895451540027698
2600.0,0.2315857588897106,-0.8746064263716451,1.8198296975747084,0.1975955596521135,-0.44917567522883284,1.1122529213615593,0.187644078780906,-0.25208193696688774,0.7011285384556151,0.056053277261919804,-0.46073294189689284,0.7533565900816828,0.2784384109700465,-0.04182426680329407,0.9645243403396478,0.49313629246816854,0.009438430374432469,1.7588760399050327
2700.0,0.1991585621365525,-0.8166414852149392,1.743917856951272,0.31151199033556404,-0.28167099111073474,1.3004125733216272,0.202637336427253,-0.21992342289488473,0.6967569259703666,0.0585810588730208,-0.4594228850961375,0.7450249172415089,0.2840519586136615,-0.038687013629304094,0.9428379681724579,0.5469235460303765,0.07439347233534084,1.9200064588565477
2800.0,0.4477680544458621,-0.6109798373715589,1.9860227652729932,0.1723387244334815,-0.3793518870558228,1.1036686229746542,0.217460182298444,-0.2229736916815829,0.7084773408233307,0.062193068672384,-0.44427417922045126,0.7350549208792032,0.27717685705562733,-0.020159894511267814,0.9040540647243137,0.5708454155429775,0.0990905339026984,1.9953310925977996
2900.0,0.5860037080251151,-0.40519354744149816,2.0211149029253477,0.17563474847049954,-0.383896750853028,1.1237182068783471,0.20132417971934602,-0.23560979009093747,0.689223148475341,0.06875417608055764,-0.4174115565428098,0.7018012135952462,0.3194036186114973,-0.006884387702732439,1.022464296833812,0.6133654928839838,0.1233098007082715,2.1314264566304906
3000.0,0.6072032203042126,-0.4672348016660643,2.090152582589445,0.191963453998638,-0.40016327399721613,1.1877079454350008,0.202505599346646,-0.23165884205702733,0.7008917463112051,0.0833527317355517,-0.4007853315664989,0.7224499113081732,0.34838244207090097,0.041008901237375724,1.130244367285265,0.588358183410018,0.09614700753139403,2.099430523550432
3100.0,0.6966003994582726,-0.3788603771757098,2.2493024834714124,0.195257996231405,-0.3512154002880062,1.153712086179482,0.1781358967188691,-0.24691198809144585,0.662516623165414,0.10076167538507849,-0.3551125780782509,0.7970730789848277,0.3830776004571007,0.06310693415848716,1.2430021236726876,0.5841859965804592,0.09840880190156259,2.1216013008247767
3200.0,0.6851762797394334,-0.37148793794223844,2.3331128184160095,0.2646959332987048,-0.33009165619616176,1.2904530714244193,0.1602611291108075,-0.27371050864268753,0.6473225878855507,0.13210311286947302,-0.31577047921450574,0.8321523204015916,0.4091464995054585,0.10266122621756345,1.2982404452274532,0.6078813154660535,0.11238559795654779,2.1949550060392538
3300.0,0.6813642944306463,-0.343687020931043,2.4180206801049406,0.26271423624489953,-0.3164669222793962,1.234979246366784,0.14272734154382727,-0.29727728812264204,0.6325341610944712,0.18449596372845883,-0.23470162675861905,0.9570030382145003,0.4273939290304756,0.13185668810439846,1.4010327178677382,0.6433256111530374,0.11832294898649334,2.4305195277868643
3400.0,0.6639798029319925,-0.3017152832381717,2.396013888742853,0.314905457305811,-0.23823708470902796,1.2980155755183191,0.1475977867812635,-0.26847942506418143,0.6011295033815595,0.18180215186412735,-0.23024299043602975,0.9014966864916237,0.4519660844138079,0.15430732709854864,1.5185857723913097,0.6040830354183765,0.12878482167428157,2.3141515255500815
3500.0,0.5754037216916248,-0.42725093617878235,2.4276832814229423,0.3559816265862375,-0.20877734192965205,1.339826868342248,0.14033748198265406,-0.2693663191564901,0.6145828786949736,0.209343308887501,-0.20670848850085125,1.0187719170702634,0.4711051781141075,0.1612313351541719,1.606038357151467,0.5997640135910295,0.12508032439554745,2.2229045029164287
3600.0,0.7136863414458815,-0.28107583046074186,2.661567560633394,0.41567969367581403,-0.14588789860203263,1.4712688114654902,0.15640397291622554,-0.26688287138674965,0.6389791813285384,0.214966318968012,-0.17639086340772953,1.0277657924674568,0.47231288136030475,0.1467730979470386,1.6294566853419072,0.6134670841940153,0.11714773768696035,2.2443986220557983
3700.0,0.7256256774623938,-0.22615102380765925,2.8414978595669464,0.426862236946175,-0.12577111020231477,1.5405144896422605,0.1715677438918555,-0.24896079778353514,0.6371573007814929,0.21790407345584378,-0.21769778266993894,1.0352401055785423,0.4829762671250535,0.1627354741157863,1.6958162921591242,0.6480562011694839,0.14981501950728168,2.431916649872815
3800.0,0.6053121548795115,-0.3172915905502225,2.581574076227423,0.4356802459993545,-0.13390644839320676,1.5444231241866404,0.18418018610661402,-0.2245279841597396,0.6582828626962633,0.20153981084933065,-0.24391675307955318,1.0293145511980208,0.507586408124553,0.196972046350123,1.7322877852702572,0.6421361270488439,0.1808908669866886,2.483803389241005
3900.0,0.3556106185614458,-0.5769662937522573,2.0661460187707124,0.4064177899934215,-0.14994741038227485,1.4989018146848105,0.205207297550988,-0.25401541568186853,0.6820948835817244,0.18602675859229778,-0.23493819267673405,0.9612043282318785,0.523902360934827,0.19395302130233286,1.7982542005537097,0.6968231715520322,0.23303950164217885,2.4660090341438714
4000.0,0.261307341314386,-0.704025791664064,1.886227780481045,0.39210891883940624,-0.1559312529384535,1.429733843164006,0.23087217960582201,-0.2253186408466006,0.725148747354496,0.199853727093279,-0.2075182044627269,0.9884153121749539,0.5416316641498404,0.25134582359202623,1.835320027732113,0.6844829139486355,0.20754392753815845,2.562265632810956
4100.0,0.2704493013120185,-0.6657244922077099,2.042550777967402,0.452109941613126,-0.1166651444578785,1.6578891030324516,0.226880168783529,-0.23356577069701007,0.7387163767395393,0.204435240297771,-0.21837401236754406,1.045199466817222,0.5602123985860045,0.25772134597492713,1.9004025055462395,0.7559346460667693,0.2691031325520848,2.807702649551325
4200.0,0.192779657545332,-0.8299803921546833,1.7587346759158695,0.46315992791999727,-0.12821727241215355,1.764595020046846,0.21903718935976751,-0.2665322595937192,0.7317950055977408,0.196240084986119,-0.2496235345895186,1.031736287190405,0.5594681984807259,0.25751425598130573,1.9404452011975561,0.8036149726013029,0.31565990410697475,2.9234652723897376
4300.0,0.18451253047987998,-0.8544447706841629,1.930130881124059,0.4740395798529586,-0.1101176443880676,1.6862371880181495,0.20974386058670802,-0.26494554514391544,0.7149507064195246,0.16184144612686396,-0.2823753676052916,0.9249251878896699,0.5817077022188231,0.2760631545731014,1.9875565353982174,0.8575581469575266,0.3627210023603487,3.169244007878622
4400.0,0.1270180965719555,-0.9104920001147354,1.9334471189922118,0.47632206517094766,-0.11785778886927094,1.669539827543485,0.195588670837814,-0.2914537885308227,0.701425778437508,0.132926110623713,-0.3170113394997812,0.9014234840822776,0.6042692118533974,0.28531851909404965,2.122656538440998,0.8700113478890124,0.38982470177396467,3.246457004413983
4500.0,0.111528239976175,-0.935941213117494,1.7820179081294867,0.512579630240972,-0.1452836252897537,1.706227849920215,0.1634552857187235,-0.2743966402623508,0.6430182909803951,0.12382274694294029,-0.3276192446883865,0.8585089584498868,0.6239915748694702,0.3061115020391608,2.1670645459359195,0.9184484973511942,0.4253809151404558,3.4600778011820537
4600.0,0.06193935030022875,-1.0588204971833333,1.4696668323691844,0.5510640202344346,-0.061526731836443915,1.808912674434269,0.151794576984968,-0.2982708856145091,0.6296756103057792,0.1163809331151216,-0.3513673673791591,0.8480892213151188,0.6222166186039226,0.3023833745626515,2.1830599147425853,0.9648354598793625,0.44240836680494383,3.5123078195845334
4700.0,0.09918115688273521,-1.0156367763836394,1.6526125250358985,0.5732695895431105,-0.03394727695942993,1.8182905862201713,0.1523546154163215,-0.2718879722770838,0.6239819150413782,0.131407554255229,-0.29639167813185874,0.889300776120771,0.6406246367435116,0.3032138288607779,2.3057668612490665,0.9785517987639996,0.4935855591227117,3.4779352112717503
4800.0,0.16837876104613636,-0.79431226756299,1.8681461770849785,0.5994369820449915,-0.0253131395226502,1.772782128510851,0.1649849451562625,-0.26107779635999767,0.6554612768683566,0.14938444347568847,-0.28415963191694993,0.9243216794214905,0.639870496443866,0.30264382877125384,2.3694818073826234,0.9813101508254098,0.4894735419072543,3.4031959483162133
4900.0,0.120329364724402,-0.9712491679326152,1.6733859380019669,0.5907410206734268,-0.010216228337446485,1.775936548979369,0.1831209444378995,-0.260452460389209,0.6830372986528412,0.1543343987231675,-0.2716149849940645,0.9162398094641683,0.638419861042297,0.28207648562463145,2.2984860391632074,1.0022442912885001,0.483762678880484,3.482830708347515
5000.0,0.04239502135621705,-1.2115068379365315,1.424646584572975,0.6064965706610448,-0.010370642983909453,1.873242771972927,0.186142234176277,-0.235091414700596,0.7299168355191262,0.1679151793931715,-0.26489301275944027,0.9812923722100637,0.650569354175917,0.2985834193367636,2.3154408842164047,1.0094913429311536,0.4650135879171056,3.4769657376507546
5100.0,0.04935201004655345,-1.1375089813546482,1.6119794718637452,0.5890505656522045,-0.008060051073621184,1.8295807936178843,0.2011692062174705,-0.18744749774112365,0.7465814255661727,0.156136043791186,-0.3217177186830996,0.9208321529220644,0.663118567158782,0.30699240593260557,2.4191857055698267,0.9736357536493758,0.4256888410981144,3.5024978337146937
5200.0,0.088605643234901,-1.1070617035181354,1.7584680735686302,0.5727540677020144,-0.006076582636210559,1.7740201244324434,0.2102367924349434,-0.1904998498301341,0.7549376056661768,0.15356798267514565,-0.30274019693088877,0.9518334589450131,0.681754245498117,0.31476055461835667,2.5145372781663267,0.9372282813399719,0.37029163694385675,3.4824130845276375
5300.0,0.08135350485188089,-1.0738710568701932,1.8517459540714662,0.556421710542436,-0.019289416515637724,1.70492377704911,0.2192954704536085,-0.19266407364708524,0.7806590264430949,0.16428289250239775,-0.32223920220801855,0.970738764153321,0.6972478939283775,0.3389223149224399,2.565890731952773,0.9248316827787575,0.3401011638131408,3.5344538071151916
5400.0,0.07016148454054,-1.1058645640904718,1.6402679082764646,0.540242143569402,-0.03569515534319494,1.7680399352618599,0.20342543503996052,-0.17277826931489984,0.7710050732091618,0.1509734125593877,-0.307300411581863,0.9323144370493233,0.7239607225317299,0.3483942236520497,2.722208850250389,0.8945549736880865,0.287614861929974,3.416634768062729
5500.0,0.0785774249767149,-1.0711553681885337,1.6546781474394656,0.51203738337004,-0.07440953953075494,1.7151461998559012,0.229718638715664,-0.1623546950267689,0.7829956653569905,0.17985745069721348,-0.27843505987864636,1.0445552588072813,0.7287906042871924,0.3536854655850185,2.7058778878148577,0.875639869626805,0.2976996901630013,3.4352564381617925
5600.0,0.1815604076757385,-0.8689044832778431,2.0083418268234676,0.5156627575558175,-0.03385504384789355,1.7346536182676333,0.2143266628612,-0.17958456222125355,0.7530045408887032,0.15580208910981241,-0.31057934481421284,0.9786342610546517,0.7437123170500795,0.3560531499006366,2.7644237925285386,0.8899574579565344,0.2846306749524489,3.6011648765424162
5700.0,0.2451026779026475,-0.81057591860276,2.166914377103532,0.5127581883994154,-0.05835297743158909,1.764022663459348,0.226300586441641,-0.15258606511554296,0.7827014958544763,0.152697295274705,-0.3586753815703677,0.9518265424837332,0.74795079446287,0.401238248883486,2.803863066678279,0.9202164888722425,0.37253548018486127,3.798927597542176
5800.0,0.3279990181748105,-0.721250009033319,2.155039208069434,0.502107248193879,-0.05001868109608514,1.6344721986103172,0.2372446267545473,-0.16951720637788115,0.7777437141746628,0.1438388139069765,-0.3670706338744638,1.0053172903596241,0.7671271097169561,0.41021769432138994,2.8944909764537026,0.9578045314808474,0.39008828942088014,3.7950024174468417
5900.0,0.21672646349351365,-0.8698461788754722,1.8997055633990456,0.499979862199938,-0.060873841944019215,1.7362128133724217,0.201769934089168,-0.21642371234767063,0.751531207143427,0.1822455972879605,-0.3031038128617105,1.048207935092908,0.782728071161773,0.4342885042302041,2.8855648585771627,0.989452013564464,0.43060424917302503,3.7582352951157505
6000.0,0.2466095481978665,-0.918452558138132,1.8544486106735656,0.5262106989893338,-0.09165860290498493,1.7611258792465216,0.1907093873722219,-0.2591934185882629,0.701197711453927,0.2148312475518548,-0.23689021371528338,1.139300191500929,0.8106896235939525,0.44133674601754863,2.9507592511080887,1.009927221417175,0.45064919334310777,3.8683666043853373
6100.0,0.3173760686250945,-0.7675589280429269,1.969749291467098,0.47653330839060815,-0.10192673413233436,1.6264028154780512,0.15672880899243852,-0.28581491356990624,0.7089123179261976,0.2224298540673575,-0.2518321010129308,1.118987301102249,0.8408504987476826,0.4927004241265357,3.033544277039163,1.030169416925835,0.4814699871020016,3.9405532718516585
6200.0,0.466208395670064,-0.47647543534324105,2.4419650763021195,0.46841948528328003,-0.1477804731542278,1.6203515496845313,0.144401798144845,-0.3109328338773505,0.663931003494261,0.2260255263491908,-0.24341207221726338,1.1138656307230905,0.855090653086447,0.5152476606703206,3.13052406124068,1.025980914118568,0.48386687155021696,3.8396721470922683
6300.0,0.5308494568600715,-0.44581138860680686,2.5422880408668553,0.44349517930305404,-0.18715755759493843,1.5946533536081549,0.1398033513858835,-0.3465726934238337,0.6626236893797194,0.23237636330584072,-0.2611794867036175,1.1484699135979535,0.8807795778504681,0.5304009310053535,3.1370935661763433,1.0508670133113114,0.5052754786065629,3.9170080885817664
6400.0,0.5657588097063331,-0.4085516291179102,2.5835758077731965,0.4211527850532825,-0.1763138397039808,1.629531661368356,0.118821808208501,-0.36475658928544125,0.6354646353353417,0.25695683549277504,-0.24371949652552508,1.1745370666453248,0.905272170067814,0.5452811697484331,3.129482832023985,1.0710496575185817,0.4977007190275318,4.061473379079378
6500.0,0.5257621158242769,-0.5579471035779602,2.3630468839774785,0.43854316362330664,-0.19343008511483697,1.685584928477877,0.124236737777811,-0.31753322787639177,0.6495663644641313,0.26864940531394854,-0.1808685645652707,1.2658957062918719,0.9183410592711909,0.5631699028976502,3.1536743951432618,1.0586222394277311,0.4834090100965296,3.9829534818218364
6600.0,0.5871036559231034,-0.4309084562198703,2.841177615135973,0.4619997502095695,-0.141939346038583,1.7050647703417865,0.137486750758692,-0.32167041572889443,0.642917240213736,0.26285125541176246,-0.19444788636716845,1.2747537208587976,0.9005946792289915,0.5403175952031918,3.241424400169646,1.04540817101483,0.476934116344629,4.0936681358148075
6700.0,0.611366023858368,-0.32141768581848673,2.9522809590862527,0.5184519157145298,-0.08731785588952243,1.8390266482037616,0.13844015181685848,-0.3070798043515713,0.6500971237459101,0.2739057650549665,-0.20126698028807338,1.262042360346141,0.887769548714106,0.5464164582052679,3.266304858615654,1.0293646679856736,0.45210909588370063,4.053266462350608
6800.0,0.5798718353070484,-0.43792477502978194,2.851686788974886,0.5503543279646956,-0.08061982409665143,1.9130333576914311,0.1542018100689932,-0.29015794991130095,0.6571001484883419,0.2540778629370871,-0.22440142175294434,1.2789085963252094,0.8730782472716581,0.5061591559904474,3.224683597555522,1.01688329494791,0.43301059881216347,4.035317417687148
6900.0,0.5177282944367653,-0.3991474102350875,2.5026612426398347,0.5702860497005455,-0.07019336331894745,1.9776464077384588,0.157920009526523,-0.27286975507810696,0.6546290331822737,0.253810508479435,-0.2452841047392614,1.239061645086161,0.8581624213166565,0.4926168116049008,3.2121607896098796,1.020757811181975,0.3926783128487569,3.9168080891070476
7000.0,0.3999472310557325,-0.6328843384042786,2.216055636014754,0.5873886700585305,-0.07285903540807362,1.9662857521904569,0.16601896627610752,-0.2350379223593411,0.6769786814280766,0.2303851284371175,-0.25599580662530846,1.180115817055449,0.8625327171144801,0.46815985853683173,3.2028989165082002,1.02786904042946,0.41696914397067975,4.1966256299846005
7100.0,0.214620000894845,-0.9311372521592417,1.7957417889802274,0.602665383723801,-0.05637110238828804,2.0413369271084716,0.17576104669842052,-0.2254669477419303,0.684935605520332,0.2191597259387055,-0.2662493058519644,1.179427103158812,0.8527554123536155,0.468903250845597,3.2452194669740315,1.0504126471072022,0.43870502227674335,4.1367747440884415
7200.0,0.07421440888029446,-1.207814596909174,1.5965679262519061,0.5795251477605208,-0.096072470159971,2.015726604391537,0.185762906833779,-0.20529435466003154,0.6807310996092396,0.199313398101146,-0.2918129680529441,1.089713086559781,0.8398322854265561,0.44773739525287276,3.218163634108535,1.021989356814215,0.36755432041854613,4.160326744960369
7300.0,0.11197246840140601,-1.0177157616109462,1.739469062226821,0.523616623569167,-0.15081265311100595,1.8703871293277798,0.1910830500893445,-0.20685993751944615,0.704824354113923,0.1707647181449069,-0.35085118861445375,1.0405843985442738,0.820578762879064,0.40438940808306706,3.2556874801057987,1.039977407706345,0.36869670258934434,4.261189718552559
7400.0,0.11883733462993995,-1.0984232315999876,1.9365932050327466,0.521488566894615,-0.1960307483315172,1.88822950127605,0.20701540271701374,-0.21269845251410877,0.7156654599224506,0.1397862872791774,-0.4269925614959113,0.9288737643565095,0.7954911755365959,0.3678369765241786,3.1304739394280254,1.057710615430235,0.3824336879890309,4.329453181706978
7500.0,0.07419455935376565,-1.1772937252362334,1.730773860472811,0.5141659203045286,-0.17102853091204168,1.8190769167129321,0.2021212774075955,-0.20530898119157484,0.7073279959194022,0.1070603127805285,-0.4389151296082973,0.8550377951399726,0.772183080091519,0.25876947724359906,3.037159954317748,1.0671434605413501,0.3817498454705637,4.296250977926045
7600.0,0.050649437631285696,-1.2695867011767172,1.5855573820710895,0.48700209213560397,-0.1785165257510412,1.7589557932948916,0.190360217259682,-0.2124838627618601,0.7224258136940038,0.09215019089008569,-0.466437628185773,0.8432299509628743,0.7611594656703485,0.2369360033755103,3.067360685064462,1.068987867031515,0.4080942653871761,4.315493169542949
7700.0,-0.0035266573786681497,-1.4300644561539848,1.4657625045739024,0.46437749488027247,-0.22432918808947866,1.6274627297812905,0.1905391407258315,-0.21642295145805768,0.7029307590177859,0.0900321411826169,-0.507218252676384,0.8272226496469886,0.7583369029608376,0.21623950908671566,3.02648681676745,1.0629314798647453,0.40748141003136085,4.258158957891278
7800.0,-0.02048774006933675,-1.5891212767117955,1.3949233442706341,0.4270011823459029,-0.2223152479042746,1.5839380400459526,0.18229961315192345,-0.22158242248768983,0.6965999769373735,0.0658086035946622,-0.4861818998757285,0.7961491438682475,0.7507171730962545,0.26318465284744963,2.945646100309818,1.063422968062066,0.4279176203044663,4.184194445896719
7900.0,-0.02253959316360135,-1.607785259779262,1.218674993382362,0.42390960181403686,-0.25861457712168606,1.5721509256133805,0.16260511798809965,-0.24828217895309618,0.6654974040833846,0.0496466311527569,-0.5482192907158808,0.7281223735426589,0.7388315683264199,0.27234606688177254,2.905778084180821,1.0304868097633233,0.4053018585774221,4.045104340236411
8000.0,-0.015687210081627802,-1.655546258832644,1.357388316569107,0.3753415837225762,-0.2789649353851949,1.5626974542274166,0.14418116948794024,-0.3168571021037762,0.6400765770124258,0.0361347167608898,-0.5739893448162889,0.7249134016331995,0.7097476490837971,0.22127342547097983,2.7596941879987087,1.01948503810528,0.40855599169256235,3.899760266420901
8100.0,-0.014243805452567749,-1.602064737583736,1.3324012119189155,0.39294579906648586,-0.23541606039330434,1.6156319005470048,0.132410253458974,-0.3312788578750459,0.6586230154557464,0.0170991268864724,-0.6261168217141662,0.6788157637100402,0.6938300904657353,0.28836886820917323,2.6756188815367383,0.9597977537170925,0.3669369405435918,3.5881714985520166
8200.0,-0.0050802487477421,-1.772370071068853,1.3725439845936938,0.4492774445185853,-0.2625786448602673,1.6440463114782349,0.12587071518736048,-0.30894352043575335,0.6480480250051304,-0.014646510650285001,-0.6942259395391669,0.6036257792851006,0.6767085629388635,0.28271368638562117,2.601932769788215,0.9197558757043415,0.28558194333170356,3.4618358896856005
8300.0,0.005835853332407451,-1.53728930349316,1.4493316575483977,0.4782991085052122,-0.1760536089354744,1.693223221618428,0.104548657530153,-0.3488076685896946,0.6154777558322706,-0.02410032781321545,-0.6979314984136197,0.6219737866193863,0.6639190424517355,0.26789254856446265,2.496198609687315,0.9121990173955039,0.29038056449046346,3.565307703656148
8400.0,-0.0392668854560991,-1.7423408925880435,1.4178573910224441,0.5199109421335291,-0.1269578816275551,1.7182991219164583,0.09029651403000336,-0.3605594741302563,0.5700421894291803,-0.055087325071756746,-0.760574087144165,0.548090065369622,0.6470444804463265,0.2319523984474445,2.4505552862787394,0.90957103992563,0.27659377665138024,3.5534005784142275
8500.0,0.0428015462847764,-1.3732977897828564,1.5871110163817947,0.550912481365982,-0.10613926908567124,1.7672230188400841,0.07898300073536105,-0.39775199134541844,0.5298867247986319,-0.07499463973249325,-0.904245305718083,0.4955774006277147,0.6271222035743795,0.21409617155129576,2.4064735726291557,0.8984409361628845,0.2347323806968803,3.696328354121366
8600.0,0.1611001158938423,-1.1495201724924977,1.811455691492218,0.59513349946934,-0.04967193153289301,1.7931250417920421,0.07304528935047494,-0.3913802643238691,0.5309443691597611,-0.09038518995886899,-0.9393374133377904,0.5009851018657344,0.5933059421172995,0.1794551072506878,2.2804711960733,0.912302363504614,0.24562524677158468,3.665904084552809
8700.0,0.2760740126625225,-0.9824033710084207,2.122800308350092,0.6206807824414318,-0.05481017859988574,1.7969434428041602,0.0674096799311267,-0.37374053063165663,0.5468320856449247,-0.09763638267418565,-0.9341319045583988,0.49137095256136,0.5456643980517222,0.11199624083809664,2.1021644208722963,0.8954938355983585,0.24258774864392804,3.7090801086030862
8800.0,0.35099259264145016,-0.8794446956232593,2.2154523724781883,0.663263621948094,-0.06637302234409555,1.840727364489948,0.06819096930854834,-0.37178972297342555,0.5217241230361518,-0.08911598253760569,-0.9511749460894183,0.47198462511600864,0.524686348610794,0.062077047162093724,1.965155775900638,0.9368005037864404,0.18688798829369363,3.800632773207541
8900.0,0.375150297819842,-0.7705276683860515,2.169176790089686,0.6632439256229175,-0.05631738213353434,1.9055350125438115,0.0742484179002228,-0.3695451228599891,0.5603232127794694,-0.10857515449017499,-0.966648212291101,0.4533108652378936,0.47152941465758613,0.03227784558313526,1.8161535624709235,0.9539426844008361,0.201990968068609,3.983154707657671
9000.0,0.2337100616639745,-1.039448568413464,2.020632131861812,0.64667178128141,-0.03948721002892935,1.8852336365332487,0.07747481722090144,-0.3457446629540087,0.5499410740787045,-0.1028949519677465,-0.9207857397310522,0.4508448143811743,0.440041535937212,-0.021389294707713166,1.694540756447343,0.9708561667772968,0.23377715778405098,4.020143802935947
9100.0,0.28296726368900904,-0.9995837931075444,2.023020079853394,0.6311227412902783,-0.0815020415152322,1.892519539675977,0.077293909831451,-0.3474668058485522,0.577136356252912,-0.11024044580780301,-0.9611509856947065,0.47611572854557066,0.39921844557621117,-0.028311346006537414,1.5382867727535596,1.00995840765779,0.29689286183538977,4.049020489172298
9200.0,0.23253082838043804,-1.1422166413545145,1.9042051150904147,0.6140533922426095,-0.12462601352164304,1.8451170953898055,0.08539381490348366,-0.3163504559773574,0.6071641356655451,-0.1224273147364425,-1.0377665182742934,0.44986238691186947,0.3566174012575899,-0.10609962164453555,1.4544660936529976,1.035542449177175,0.3272315088255693,3.999337239804993
9300.0,0.39821805332485816,-0.9421865112076669,2.129033230301208,0.5763520306540735,-0.13435021563074354,1.8514283215569702,0.0965167705780567,-0.3172323656659531,0.5837769554039598,-0.1509754732897,-1.0699805347318965,0.40603347533890044,0.318526527674299,-0.17105103877202385,1.351435382274988,1.059026893693697,0.3281852093905117,4.100835822385854
9400.0,0.5498514132633334,-0.6973851420237656,2.274651462035043,0.5556739073933146,-0.14869582185643898,1.7103825473009808,0.0830491758347145,-0.34175432230086733,0.5895884012043449,-0.19200357026626613,-1.2442098262496135,0.3006415214648404,0.28582409720816504,-0.19626567245530896,1.2478942361879248,1.0943441407664682,0.37061510487288685,4.193979173834879
9500.0,0.6165345209769815,-0.6217018940527066,2.438958444799333,0.5183976684931106,-0.14611564847138123,1.6829040267466913,0.08018033327532065,-0.32871906965666775,0.6002343072910113,-0.218291344221254,-1.3463486523188335,0.27988636293814206,0.222769024740253,-0.2559052974614095,1.0454721117285921,1.1448944801026273,0.40980540361942247,4.3839763081372904
9600.0,0.7232261421675201,-0.5213484500428955,2.3993217579394717,0.49482582332961,-0.21187483974578875,1.6184683167473768,0.08007299568188095,-0.3405391665734275,0.5788223674345971,-0.25424163995280147,-1.3594444250311055,0.22254512965195908,0.1783465544128135,-0.3072441840315532,0.9485676585983998,1.218481006218175,0.46797116516878057,4.531389603604939
9700.0,0.6920444932689396,-0.567158663353215,2.341521470545471,0.4499036306212322,-0.2602382208030354,1.5790821163410715,0.0782133168793327,-0.3603644369773065,0.5886907008316452,-0.2674284611289265,-1.512018608679681,0.21610326872866303,0.1388439209632844,-0.3331392606830123,0.8363093375972616,1.2390084313738021,0.49210053913922824,4.372695509416186
9800.0,0.6941683346430729,-0.5554991055432549,2.434747190751855,0.41455069239603065,-0.30189010059101734,1.5311512376342016,0.06515518595391764,-0.41703941656197496,0.5735750352014025,-0.30963345948433696,-1.545065952838183,0.16480815666811052,0.107583897285801,-0.3826525504385381,0.7485176857210615,1.2639560377235841,0.504252584141735,4.2351644305724
9900.0,0.642721332698257,-0.5921650978636532,2.443145649220586,0.3895963668681347,-0.3749648345426324,1.524701325442855,0.049906767636671,-0.4228828802069707,0.5402187686318711,-0.3408722265788135,-1.545506458449991,0.10966371196394296,0.0666434022842271,-0.4828192022076717,0.7183914667043124,1.21560742034922,0.44333804855376974,4.198175486859914
10000.0,0.5876394249611969,-0.7973236158188934,2.4089157387861233,0.35908023730003147,-0.3635378349619191,1.5554944643519735,0.0388309560918063,-0.46213589973125935,0.5234390727386191,-0.398427653651678,-1.6468433189988374,0.0948262899619474,-0.014355001505082201,-0.6459445318039976,0.5953720683497075,1.191181454941245,0.4368506646994388,4.210565454125745
10100.0,0.6702440563479964,-0.5987318282733576,2.4860589168809573,0.3213163958027766,-0.4013851208037168,1.4189731390221045,0.0298284600548442,-0.4700718864252548,0.5105200716154485,-0.4011525380904375,-1.7761284463274405,0.08745083376124563,-0.07121675034883859,-0.8083005005694034,0.5582193055013231,1.1860097199394644,0.42302881810842663,4.132123657577338
10200.0,0.731989410588421,-0.458183177496091,2.667217720288317,0.30370625765858,-0.4109628129512058,1.4092749946745937,0.00971962568093445,-0.4838479945165263,0.4421887258701307,-0.4425841911573045,-1.8394986832776066,0.019760967243250493,-0.1291256468354718,-1.058477537645423,0.5024160058912378,1.165001092993259,0.3712697336661476,4.011304495329881
10300.0,0.873630328919489,-0.23772376467089604,3.05943048919176,0.2685054866025922,-0.4521385876913164,1.358555427859759,-0.00417956012778355,-0.5982910685303829,0.39734153345830486,-0.47970503963760347,-1.9841033695735089,0.027823577198357912,-0.20853940688266248,-1.233281652260539,0.38885379602054565,1.1302946412883799,0.3373582344338229,3.9210718479870095
10400.0,0.8742439310220641,-0.15047362234146758,3.107260430830087,0.2442045341603875,-0.5314658270932903,1.3023080460966696,-0.0286665771611889,-0.5754741266361697,0.3824237088480298,-0.5131445996939665,-1.995283527653065,-0.027350946162641495,-0.26079325114656504,-1.4627130518949685,0.38346270466001764,1.0678490906617824,0.26900256975992154,3.7154213030064183
10500.0,0.8143813255194557,-0.36322518975084644,2.9937095538995484,0.217939891782274,-0.6376598779255189,1.2886545338220134,-0.04698338487563405,-0.6235714890560172,0.4040079560424831,-0.5435809399071279,-2.2563582070967416,-0.04633948683725062,-0.3373969051993385,-1.790702277822356,0.30920643209306126,1.0013034255592745,0.1768342874321852,3.1667435961197272
10600.0,0.8180028093669325,-0.42690067947453275,3.165634179136556,0.2074564343609855,-0.5728487247952494,1.2520992689547752,-0.07035464810613026,-0.6454662960436607,0.36041515304046406,-0.5959753909412948,-2.4339856479059647,-0.08753660337687405,-0.426336267729139,-2.1659690560930267,0.23664333872561297,0.9405972684653452,-0.030147505421964236,2.8196024151365657
10700.0,0.7673346427976047,-0.536201685512821,2.9521237154679008,0.18991855937889018,-0.6555124655720063,1.2282699919506799,-0.10608864028364315,-0.698155018296357,0.3017800729558162,-0.630606022365216,-2.587248780971758,-0.09556628239272263,-0.5325693429491991,-2.5847995832464385,0.19160575689245748,0.809672523462338,-0.22890171703007023,2.393264797346416
10800.0,0.825473606120793,-0.4542995998582907,2.880394590400486,0.18179399292578802,-0.6679531736660994,1.2035371118218423,-0.1269657123315585,-0.7334141541068114,0.2733317115516843,-0.6744901735127079,-2.7136817715722525,-0.11025747187300768,-0.6124154900114129,-2.8157612808456722,0.16972195332591664,0.661050778873062,-0.6483380799452463,1.9951613835368147
10900.0,0.9022077881845485,-0.27326035572581936,3.0546518264006925,0.15669902661734048,-0.7605643557993433,1.180587127764255,-0.16701593512643348,-0.7585617155578555,0.23837164995050839,-0.699330149111413,-2.7748099201162826,-0.11920636712119613,-0.7228816065673507,-3.187423680908717,0.09824315780086272,0.45290121027748986,-1.2013559824717375,1.4835688740057602
11000.0,0.8792676882791524,-0.28564081700162125,2.9870950376437935,0.1163652766768785,-0.7263146846973013,1.2078618778430628,-0.2114241700381928,-0.8321775363563508,0.17806949194179209,-0.7618469263267332,-2.985846493379517,-0.15918742975998373,-0.8453018014756617,-3.497774802464565,0.06925750034774772,0.26209171907211803,-1.8345881121075285,1.1687479228155282
11100.0,0.8546761802140087,-0.32455754501534556,3.10923944587458,0.09598944945662766,-0.7693740122041186,1.1948093216360895,-0.2320911158935555,-0.8651668102629416,0.12926077088220608,-0.799165182454785,-3.1303169207741237,-0.17925114075232987,-0.9591841600056961,-3.932087175215391,-0.017636654455625518,0.0769051778214209,-2.5096000103319582,0.9956500607637799
11200.0,0.7701112277023421,-0.4203596922809663,3.168470561950006,0.07347614706711335,-0.8579707117675094,1.088322517148099,-0.2827182266078315,-0.9849552965900792,0.09910415034979504,-0.8771271719522062,-3.299214717289658,-0.215426021028955,-1.084604578630425,-4.420459946752487,-0.11909803071818521,-0.11736779325063909,-3.227087264503736,0.8889214795058584
11300.0,0.552134823529832,-0.7559839854971477,2.6812870461444387,0.0566384036317721,-0.9390692866950628,1.0074196386921352,-0.32636971983324625,-0.9781824190077174,0.06381181352847368,-0.9500481460148985,-3.4405165679026286,-0.24011422861139003,-1.0043438396342679,-5.145906279070689,-0.2294719611421704,-0.26487157250774895,-3.8521406017016138,0.700069636538565
11400.0,0.441380529963388,-0.8845510771445144,2.5421053704802428,0.02988808758777595,-1.0388388331917104,0.9565209474665576,-0.379608396117213,-1.089121177445784,0.02555404496978837,-1.0314082028180627,-3.735562956793528,-0.2702915099987342,-1.1815588618014243,-5.9520905392896095,-0.3771906753355569,-0.460734014529357,-4.695013085585494,0.5677987769835384
11500.0,0.2246133023216365,-1.3204035826084506,2.3664219268779387,0.02171505613758435,-1.1110858485485444,0.903599374726956,-0.4419488616836535,-1.1428612440945616,0.006647665002749709,-1.0872821775500898,-4.0033946218222525,-0.2972670208131717,-1.3627462685741616,-6.698725559173736,-0.5374616323277619,-0.7147716118849614,-5.67876514311722,0.44053253737919756
11600.0,0.0070474005173935,-2.3275065132193173,1.8212038074436656,0.0019550360088941,-1.104855996816873,0.8882464737954099,-0.4931327713059025,-1.2113406852865096,-0.0013626056577993111,-1.188707206302174,-4.164208044813846,-0.33707255532008945,-1.607190965132045,-7.743189336212779,-0.7252394075621881,-0.8422128711198482,-6.052387611147817,0.35150640999364735
11700.0,-0.022123033976213048,-2.9425096022806834,1.7829172796425403,-0.01340818847861395,-1.2337978661132705,0.9253345718189429,-0.5605796050823235,-1.3017919461537284,-0.028104792422314877,-1.249039164532715,-4.480797915763252,-0.3663586924553874,-1.8555902852383013,-8.9297174388346,-0.9239853489379781,-1.2839435810049649,-7.121926312646025,0.1899999654025188
11800.0,-0.00910347589304175,-2.6208251567276264,1.7880647153504605,-0.02063093368382355,-1.270358842792926,0.897564371425147,-0.633139843106933,-1.4011820632121446,-0.04612567700346905,-1.313360725977265,-4.716637992456485,-0.38393566432207105,-2.090818867611735,-9.978941590374298,-1.0813789149082256,-1.407950049920247,-8.06867924517059,0.08845180546931102
11900.0,-0.0200918989214468,-2.633318462590069,1.7857027391650813,-0.0401765302162286,-1.3165857612077185,0.870916354858135,-0.6976400418479802,-1.5057564769395864,-0.06123992230156257,-1.3793557175888354,-5.066544197833902,-0.3980473843945582,-2.2656124992007953,-10.94091484756313,-1.1856210484517111,-1.4672711409631018,-9.072862809116158,-0.0637074178381717
12000.0,-0.11320524677722,-3.5242586490215935,1.7204104238779152,-0.0508875623505319,-1.389989628527017,0.8897988676165617,-0.757694175269623,-1.5673584656002557,-0.07778844547553479,-1.39646647221955,-5.1375859234847585,-0.40285536041439224,-2.3864926504207498,-11.70496854396878,-1.3175074785160072,-1.6334382892840182,-9.70388465102758,-0.19619130960495615
